accuracy,precision_for_classification,recall_for_classification,f1score_for_classification,westgermany_precision,westgermany_recall,westgermany_f1score,usa_precision,usa_recall,usa_f1score,france_precision,france_recall,france_f1score,uk_precision,uk_recall,uk_f1score,canada_precision,canada_recall,canada_f1score,japan_precision,japan_recall,japan_f1score,
0.8183333333333334,0.0,0.0,0.0,0.0,0.0,0.0,0.9839357429718876,0.8333333333333334,0.9023941068139965,0.0,0.0,0.0,0.0,0.0,0.0,0.023255813953488372,0.1111111111111111,0.038461538461538464,0.0,0.0,0.0,
0.7351089588377724,0.0,0.0,0.0,0.008130081300813009,0.07142857142857142,0.014598540145985401,0.9338485316846986,0.7824397824397824,0.851465614430665,0.0,0.0,0.0,0.04391891891891892,0.09558823529411764,0.060185185185185196,0.0,0.0,0.0,0.006944444444444444,0.014925373134328358,0.009478672985781991,
0.83,0.16666666666666666,0.13833333333333334,0.151183970856102,0.0,0.0,0.0,1.0,0.83,0.9071038251366119,0.0,0.0,0.0,0.0,0.0,0.0,0.0,0.0,0.0,0.0,0.0,0.0,
